"row","column","cor","p"
"deg_cent_total","deg_cent_out",0.483439642174686,0
"deg_cent_total","deg_cent_in",0.964873968405217,0
"deg_cent_out","deg_cent_in",0.236485050646866,0.000125768973791018
"deg_cent_total","wtd_deg_cent_total",0.506815421111243,0
"deg_cent_out","wtd_deg_cent_total",0.181992825913935,0.00335076266505574
"deg_cent_in","wtd_deg_cent_total",0.507926750076408,0
"deg_cent_total","wtd_deg_cent_out",0.500304490605283,0
"deg_cent_out","wtd_deg_cent_out",0.767367365747545,0
"deg_cent_in","wtd_deg_cent_out",0.325020711345328,9.24525975776191e-08
"wtd_deg_cent_total","wtd_deg_cent_out",0.338567282337848,2.44179494401919e-08
"deg_cent_total","wtd_deg_cent_in",0.445092151815999,5.88418203051333e-14
"deg_cent_out","wtd_deg_cent_in",0.0609085840579696,0.329812708584846
"deg_cent_in","wtd_deg_cent_in",0.47575541630984,4.44089209850063e-16
"wtd_deg_cent_total","wtd_deg_cent_in",0.987379307845075,0
"wtd_deg_cent_out","wtd_deg_cent_in",0.185274209110346,0.00281360801716368
"deg_cent_total","btw_cent",0.917314336952047,0
"deg_cent_out","btw_cent",0.529038922034561,0
"deg_cent_in","btw_cent",0.859411117606754,0
"wtd_deg_cent_total","btw_cent",0.42857405713703,5.97744076458184e-13
"wtd_deg_cent_out","btw_cent",0.52983625483873,0
"wtd_deg_cent_in","btw_cent",0.358409032829376,3.08479353172686e-09
"deg_cent_total","close_cent_total",0.983062374742295,0
"deg_cent_out","close_cent_total",0.420157053198192,1.85895743243236e-12
"deg_cent_in","close_cent_total",0.965065862414124,0
"wtd_deg_cent_total","close_cent_total",0.555823947265869,0
"wtd_deg_cent_out","close_cent_total",0.453775941881839,1.64313007644523e-14
"wtd_deg_cent_in","close_cent_total",0.504106313880414,0
"btw_cent","close_cent_total",0.882038535609732,0
"deg_cent_total","close_cent_out",0.485288590794469,0
"deg_cent_out","close_cent_out",0.995954231677471,0
"deg_cent_in","close_cent_out",0.239751503718829,0.000100594633109186
"wtd_deg_cent_total","close_cent_out",0.179003598938097,0.00391915461209535
"wtd_deg_cent_out","close_cent_out",0.77353575723693,0
"wtd_deg_cent_in","close_cent_out",0.0567485169901435,0.363972366210919
"btw_cent","close_cent_out",0.543693850082162,0
"close_cent_total","close_cent_out",0.420225025566017,1.84208204245806e-12
"deg_cent_total","close_cent_in",0.944251198616738,0
"deg_cent_out","close_cent_in",0.212973085910978,0.000573521926021003
"deg_cent_in","close_cent_in",0.984165801663818,0
"wtd_deg_cent_total","close_cent_in",0.566436591985013,0
"wtd_deg_cent_out","close_cent_in",0.318260689914159,1.754246659047e-07
"wtd_deg_cent_in","close_cent_in",0.537998836522297,0
"btw_cent","close_cent_in",0.847476302321579,0
"close_cent_total","close_cent_in",0.968140394590773,0
"close_cent_out","close_cent_in",0.215072430469523,0.000504046902494171
"deg_cent_total","eigen_cent",0.400889040159369,2.22122320536755e-11
"deg_cent_out","eigen_cent",0.0266871219307745,0.669631960393953
"deg_cent_in","eigen_cent",0.436962028789338,1.86961557346876e-13
"wtd_deg_cent_total","eigen_cent",0.917207397010486,0
"wtd_deg_cent_out","eigen_cent",0.220086272039351,0.000368442115537437
"wtd_deg_cent_in","eigen_cent",0.920855587809702,0
"btw_cent","eigen_cent",0.325897413424563,8.49850141371178e-08
"close_cent_total","eigen_cent",0.465324748841775,2.88657986402541e-15
"close_cent_out","eigen_cent",0.0223002472884629,0.721466130328863
"close_cent_in","eigen_cent",0.500486332314016,0
"deg_cent_total","component",NA,NA
"deg_cent_out","component",NA,NA
"deg_cent_in","component",NA,NA
"wtd_deg_cent_total","component",NA,NA
"wtd_deg_cent_out","component",NA,NA
"wtd_deg_cent_in","component",NA,NA
"btw_cent","component",NA,NA
"close_cent_total","component",NA,NA
"close_cent_out","component",NA,NA
"close_cent_in","component",NA,NA
"eigen_cent","component",NA,NA
"deg_cent_total","louvain_comm",-0.0529096599565061,0.397373565469679
"deg_cent_out","louvain_comm",0.192328510528724,0.0019139131661885
"deg_cent_in","louvain_comm",-0.116448160451108,0.0618023818210915
"wtd_deg_cent_total","louvain_comm",-0.0673215790371492,0.281338871364041
"wtd_deg_cent_out","louvain_comm",-0.0933880304020243,0.134648120726122
"wtd_deg_cent_in","louvain_comm",-0.0545898158127714,0.382534535071544
"btw_cent","louvain_comm",0.00546220232737305,0.930424641602272
"close_cent_total","louvain_comm",-0.069108396594568,0.268736101721365
"close_cent_out","louvain_comm",0.202340751657781,0.00108248164273483
"close_cent_in","louvain_comm",-0.131922687506958,0.034177776160436
"eigen_cent","louvain_comm",-0.114355491701787,0.0666654895513175
"component","louvain_comm",NA,NA
"deg_cent_total","fstgrdy_comm",-0.0565085742319424,0.366007474016105
"deg_cent_out","fstgrdy_comm",0.0953818752538727,0.126486132300107
"deg_cent_in","fstgrdy_comm",-0.0913477617763382,0.143413092190049
"wtd_deg_cent_total","fstgrdy_comm",-0.117431910190671,0.0596192568002156
"wtd_deg_cent_out","fstgrdy_comm",-0.359873964042473,2.63265564903747e-09
"wtd_deg_cent_in","fstgrdy_comm",-0.0620700916462311,0.320656339413888
"btw_cent","fstgrdy_comm",-0.0269789311624018,0.666235646506211
"close_cent_total","fstgrdy_comm",-0.0636244158032082,0.308664256967827
"close_cent_out","fstgrdy_comm",0.0988464116660921,0.113221009563835
"close_cent_in","fstgrdy_comm",-0.109896276093563,0.0780752738705175
"eigen_cent","fstgrdy_comm",-0.126580909211392,0.0422046803632758
"component","fstgrdy_comm",NA,NA
"louvain_comm","fstgrdy_comm",0.578596210612324,0
"deg_cent_total","page_rank",0.422319860528314,1.39310785129965e-12
"deg_cent_out","page_rank",0.0319509834040778,0.609458053250524
"deg_cent_in","page_rank",0.459169645065532,7.32747196252603e-15
"wtd_deg_cent_total","page_rank",0.956139638969,0
"wtd_deg_cent_out","page_rank",0.189150216092918,0.00228051218358205
"wtd_deg_cent_in","page_rank",0.966722006219408,0
"btw_cent","page_rank",0.338538662901418,2.4488400640621e-08
"close_cent_total","page_rank",0.487014467638692,0
"close_cent_out","page_rank",0.0274495708093412,0.660772290071563
"close_cent_in","page_rank",0.52221053617766,0
"eigen_cent","page_rank",0.985461149491562,0
"component","page_rank",NA,NA
"louvain_comm","page_rank",-0.0949140886943561,0.128365801996494
"fstgrdy_comm","page_rank",-0.0818944444598372,0.189778148280778
"deg_cent_total","alpha_cent",-0.113968867366614,0.0675973713128317
"deg_cent_out","alpha_cent",-0.0412795265956725,0.509183763269068
"deg_cent_in","alpha_cent",-0.114112432623047,0.0672500996053582
"wtd_deg_cent_total","alpha_cent",0.00454279857061838,0.94211312221774
"wtd_deg_cent_out","alpha_cent",-0.0309238170798743,0.621012135733524
"wtd_deg_cent_in","alpha_cent",0.00994923557126198,0.873640254299195
"btw_cent","alpha_cent",-0.0973812358379554,0.118691476811433
"close_cent_total","alpha_cent",-0.0964370181664105,0.122324606604517
"close_cent_out","alpha_cent",-0.0402545348034164,0.519766833879233
"close_cent_in","alpha_cent",-0.0953597409577365,0.126574589923623
"eigen_cent","alpha_cent",0.00477844039073849,0.939116099877621
"component","alpha_cent",NA,NA
"louvain_comm","alpha_cent",0.0359811135961468,0.565073390872588
"fstgrdy_comm","alpha_cent",0.0383812773165727,0.539395598876725
"page_rank","alpha_cent",0.00672386671913363,0.914409719101046
"deg_cent_total","auth_score",0.442773331531935,8.21565038222616e-14
"deg_cent_out","auth_score",0.0615714825227908,0.324566538197519
"deg_cent_in","auth_score",0.472982670982844,8.88178419700125e-16
"wtd_deg_cent_total","auth_score",0.988829700139027,0
"wtd_deg_cent_out","auth_score",0.201820058932896,0.00111579331235934
"wtd_deg_cent_in","auth_score",0.998729848208747,0
"btw_cent","auth_score",0.357219618409362,3.50635831480872e-09
"close_cent_total","auth_score",0.50233650991746,0
"close_cent_out","auth_score",0.0574437932200734,0.358115110241321
"close_cent_in","auth_score",0.536371177244633,0
"eigen_cent","auth_score",0.932711198131823,0
"component","auth_score",NA,NA
"louvain_comm","auth_score",-0.0648643218170151,0.299312162088964
"fstgrdy_comm","auth_score",-0.0848553370216831,0.174206124881539
"page_rank","auth_score",0.971226793425377,0
"alpha_cent","auth_score",0.00974995520202938,0.876150690194209
"deg_cent_total","hub_score",0.433817222320695,2.90212298637016e-13
"deg_cent_out","hub_score",0.6625985130676,0
"deg_cent_in","hub_score",0.282665045850601,3.97590370271317e-06
"wtd_deg_cent_total","hub_score",0.380189629610908,2.6868129943125e-10
"wtd_deg_cent_out","hub_score",0.955917555753328,0
"wtd_deg_cent_in","hub_score",0.236162793742491,0.000128549394470046
"btw_cent","hub_score",0.453105984480618,1.82076576038526e-14
"close_cent_total","hub_score",0.404240709533016,1.45918832572534e-11
"close_cent_out","hub_score",0.663363092885536,0
"close_cent_in","hub_score",0.286836865901916,2.81741992469442e-06
"eigen_cent","hub_score",0.294003972014461,1.53893958820817e-06
"component","hub_score",NA,NA
"louvain_comm","hub_score",-0.140191805268867,0.0243214939830643
"fstgrdy_comm","hub_score",-0.36997833187082,8.63054738786673e-10
"page_rank","hub_score",0.259070617186731,2.51734505429813e-05
"alpha_cent","hub_score",-0.021169173216911,0.735051152705125
"auth_score","hub_score",0.25479098541818,3.45450963767924e-05
"deg_cent_total","local_trans",-0.929012214014274,0
"deg_cent_out","local_trans",-0.414885147710396,3.723021890778e-12
"deg_cent_in","local_trans",-0.906654463740512,0
"wtd_deg_cent_total","local_trans",-0.393879880218223,5.26818588753031e-11
"wtd_deg_cent_out","local_trans",-0.440342921576629,1.15907283770866e-13
"wtd_deg_cent_in","local_trans",-0.337238595851573,2.79039125139491e-08
"btw_cent","local_trans",-0.842947962964159,0
"close_cent_total","local_trans",-0.866893804250761,0
"close_cent_out","local_trans",-0.418346697259957,2.36277664100726e-12
"close_cent_in","local_trans",-0.838229794110468,0
"eigen_cent","local_trans",-0.295418961000224,1.36307546028114e-06
"component","local_trans",NA,NA
"louvain_comm","local_trans",0.0227295315948949,0.716332628455266
"fstgrdy_comm","local_trans",0.0583822359434241,0.350303410753075
"page_rank","local_trans",-0.315141165101313,2.34514501373795e-07
"alpha_cent","local_trans",0.132624345358873,0.0332267050147945
"auth_score","local_trans",-0.333793774820528,3.93239161233794e-08
"hub_score","local_trans",-0.367673057119781,1.11693498894283e-09
"deg_cent_total","in_ecc_cent",-0.341329644768443,1.84646691270274e-08
"deg_cent_out","in_ecc_cent",-0.109203792593873,0.0799812364492074
"deg_cent_in","in_ecc_cent",-0.346089003865206,1.1335447247518e-08
"wtd_deg_cent_total","in_ecc_cent",-0.167666342611404,0.00695112046527147
"wtd_deg_cent_out","in_ecc_cent",-0.226013071667538,0.00025206480093809
"wtd_deg_cent_in","in_ecc_cent",-0.13706376208213,0.0277162924368897
"btw_cent","in_ecc_cent",-0.2942690868534,1.50441885038433e-06
"close_cent_total","in_ecc_cent",-0.303236953090191,6.89002280562789e-07
"close_cent_out","in_ecc_cent",-0.113181814162793,0.0695273334901438
"close_cent_in","in_ecc_cent",-0.297904324174627,1.09968249661918e-06
"eigen_cent","in_ecc_cent",-0.152429197019552,0.0142529228822372
"component","in_ecc_cent",NA,NA
"louvain_comm","in_ecc_cent",0.00807641737330709,0.897279588769995
"fstgrdy_comm","in_ecc_cent",0.0781281791084272,0.211028117102872
"page_rank","in_ecc_cent",-0.136312604572643,0.0285895128291997
"alpha_cent","in_ecc_cent",0.0932390637830232,0.135273812954884
"auth_score","in_ecc_cent",-0.141849717572113,0.0226720800753433
"hub_score","in_ecc_cent",-0.212769591594243,0.000580707621248067
"local_trans","in_ecc_cent",0.46439655655279,3.33066907387547e-15
"deg_cent_total","out_ecc_cent",-0.178502881633718,0.00402245488179087
"deg_cent_out","out_ecc_cent",-0.48279570377583,2.22044604925031e-16
"deg_cent_in","out_ecc_cent",-0.0532374383606607,0.39445186909304
"wtd_deg_cent_total","out_ecc_cent",-0.0899305284512805,0.149753090603455
"wtd_deg_cent_out","out_ecc_cent",-0.331904714577509,4.73791621491415e-08
"wtd_deg_cent_in","out_ecc_cent",-0.0380562207572682,0.542838873565894
"btw_cent","out_ecc_cent",-0.173020706864533,0.00532515733970085
"close_cent_total","out_ecc_cent",-0.149967175036899,0.0159183654766188
"close_cent_out","out_ecc_cent",-0.467380658676763,2.22044604925031e-15
"close_cent_in","out_ecc_cent",-0.0480771889966881,0.441935484260696
"eigen_cent","out_ecc_cent",-0.0209507575303357,0.737684156551547
"component","out_ecc_cent",NA,NA
"louvain_comm","out_ecc_cent",-0.057910269636615,0.354218585488015
"fstgrdy_comm","out_ecc_cent",-0.0767485542988334,0.219225125845495
"page_rank","out_ecc_cent",-0.0239002459769433,0.702398118579943
"alpha_cent","out_ecc_cent",-0.106137354404036,0.0888774762558366
"auth_score","out_ecc_cent",-0.0370686361584177,0.55336652883754
"hub_score","out_ecc_cent",-0.30639020914201,5.20283956806367e-07
"local_trans","out_ecc_cent",0.157693722308333,0.0111958092903386
"in_ecc_cent","out_ecc_cent",0.0593873100694788,0.342057201079828
"deg_cent_total","load_cent",0.91734029441552,0
"deg_cent_out","load_cent",0.528882888775813,0
"deg_cent_in","load_cent",0.859486757162298,0
"wtd_deg_cent_total","load_cent",0.4285961664376,5.95967719618784e-13
"wtd_deg_cent_out","load_cent",0.529746065077317,0
"wtd_deg_cent_in","load_cent",0.358447303160944,3.07207859151504e-09
"btw_cent","load_cent",0.999999903830595,0
"close_cent_total","load_cent",0.882082576212292,0
"close_cent_out","load_cent",0.543533733897218,0
"close_cent_in","load_cent",0.847556212859915,0
"eigen_cent","load_cent",0.325937497373715,8.46578529500874e-08
"component","load_cent",NA,NA
"louvain_comm","load_cent",0.00536110740481782,0.931709188372913
"fstgrdy_comm","load_cent",-0.0270625736037279,0.665263396897711
"page_rank","load_cent",0.338585980778816,2.43720261750013e-08
"alpha_cent","load_cent",-0.0973534949609113,0.118797004458639
"auth_score","load_cent",0.357257002277318,3.49229822838026e-09
"hub_score","load_cent",0.45303163929918,1.84297022087776e-14
"local_trans","load_cent",-0.842971988064176,0
"in_ecc_cent","load_cent",-0.294249316945296,1.50696734824152e-06
"out_ecc_cent","load_cent",-0.172975237199875,0.00533738785890892
"deg_cent_total","stress_cent",0.96666470825003,0
"deg_cent_out","stress_cent",0.523890311997198,0
"deg_cent_in","stress_cent",0.915733276931629,0
"wtd_deg_cent_total","stress_cent",0.490257293496184,0
"wtd_deg_cent_out","stress_cent",0.541334728458382,0
"wtd_deg_cent_in","stress_cent",0.420893482623964,1.68531855138099e-12
"btw_cent","stress_cent",0.971456939783456,0
"close_cent_total","stress_cent",0.935501411959145,0
"close_cent_out","stress_cent",0.535926597071486,0
"close_cent_in","stress_cent",0.906297401995378,0
"eigen_cent","stress_cent",0.373837667561698,5.57910606602263e-10
"component","stress_cent",NA,NA
"louvain_comm","stress_cent",-0.0211814388458863,0.734903381818578
"fstgrdy_comm","stress_cent",-0.0471033939538209,0.451247463972756
"page_rank","stress_cent",0.392320489912938,6.36668495701542e-11
"alpha_cent","stress_cent",-0.113338639569262,0.0691392290556041
"auth_score","stress_cent",0.419103807299468,2.13762341161328e-12
"hub_score","stress_cent",0.46332031614088,3.99680288865056e-15
"local_trans","stress_cent",-0.887330704374828,0
"in_ecc_cent","stress_cent",-0.31316114428586,2.81482413821976e-07
"out_ecc_cent","stress_cent",-0.182167911814345,0.00331990890466849
"load_cent","stress_cent",0.971449807514388,0
"deg_cent_total","gilschmidt",0.482781051115862,2.22044604925031e-16
"deg_cent_out","gilschmidt",0.999980984129767,0
"deg_cent_in","gilschmidt",0.235759747169913,0.000132107936286818
"wtd_deg_cent_total","gilschmidt",0.181968577793582,0.00335505608933917
"wtd_deg_cent_out","gilschmidt",0.766953981926138,0
"wtd_deg_cent_in","gilschmidt",0.0609528382658412,0.329460790010949
"btw_cent","gilschmidt",0.528363146632076,0
"close_cent_total","gilschmidt",0.419437711364645,2.04503081135954e-12
"close_cent_out","gilschmidt",0.995755113899422,0
"close_cent_in","gilschmidt",0.212348255884627,0.000595851254926227
"eigen_cent","gilschmidt",0.0267529789537537,0.668864872489845
"component","gilschmidt",NA,NA
"louvain_comm","gilschmidt",0.191667817460972,0.00198536630594637
"fstgrdy_comm","gilschmidt",0.0949407856585138,0.128257950156792
"page_rank","gilschmidt",0.0320111607237513,0.608784103441317
"alpha_cent","gilschmidt",-0.0413713513985743,0.508241176272265
"auth_score","gilschmidt",0.0616104681095537,0.324259697475651
"hub_score","gilschmidt",0.662384134137281,0
"local_trans","gilschmidt",-0.414542880751434,3.89310805815057e-12
"in_ecc_cent","gilschmidt",-0.109006985239596,0.0805297272377388
"out_ecc_cent","gilschmidt",-0.486467092701975,0
"load_cent","gilschmidt",0.528207323046019,0
"stress_cent","gilschmidt",0.523282487925987,0
"deg_cent_total","hyper_index",0.459692611540284,1.84993079965778e-07
"deg_cent_out","hyper_index",0.103506897339785,0.266756271487325
"deg_cent_in","hyper_index",0.433931417992738,1.02050882855309e-06
"wtd_deg_cent_total","hyper_index",0.260318568817477,0.0045885053717849
"wtd_deg_cent_out","hyper_index",0.137504653488644,0.13929985153289
"wtd_deg_cent_in","hyper_index",0.442434771940164,5.89810614792796e-07
"btw_cent","hyper_index",0.496196854903275,1.27682833195308e-08
"close_cent_total","hyper_index",0.424248522577416,1.87149146402277e-06
"close_cent_out","hyper_index",0.110221020412124,0.236797041822924
"close_cent_in","hyper_index",0.439158308099106,7.29833381507561e-07
"eigen_cent","hyper_index",0.338517097033134,0.000189100219272653
"component","hyper_index",NA,NA
"louvain_comm","hyper_index",-0.14897741958403,0.108913622196597
"fstgrdy_comm","hyper_index",0.00690051015923825,0.941137766260832
"page_rank","hyper_index",0.444849042033895,5.03412505903356e-07
"alpha_cent","hyper_index",-0.0362946917965848,0.697645980850776
"auth_score","hyper_index",0.441588723635669,6.23294819757092e-07
"hub_score","hyper_index",0.0869804007730842,0.351075965804798
"local_trans","hyper_index",-0.382934562711424,2.03338297946054e-05
"in_ecc_cent","hyper_index",-0.104690007116135,0.261298472799411
"out_ecc_cent","hyper_index",-0.0953958699035165,0.306250708871639
"load_cent","hyper_index",0.496300641007426,1.26658570298588e-08
"stress_cent","hyper_index",0.514647742527056,2.92128965462268e-09
"gilschmidt","hyper_index",0.103376242977378,0.267363703086073
"deg_cent_total","k_core_in",0.778673151281758,0
"deg_cent_out","k_core_in",0.255920480951798,3.17939524565602e-05
"deg_cent_in","k_core_in",0.787491502940179,0
"wtd_deg_cent_total","k_core_in",0.2716275119596,9.63169442824707e-06
"wtd_deg_cent_out","k_core_in",0.299469953402118,9.59564688596259e-07
"wtd_deg_cent_in","k_core_in",0.233273356917391,0.00015618323420119
"btw_cent","k_core_in",0.655377370063215,0
"close_cent_total","k_core_in",0.710336654214818,0
"close_cent_out","k_core_in",0.259169450239077,2.49885057486132e-05
"close_cent_in","k_core_in",0.684073328417405,0
"eigen_cent","k_core_in",0.202519802215358,0.00107123972193657
"component","k_core_in",NA,NA
"louvain_comm","k_core_in",-0.017867389958285,0.775167648740679
"fstgrdy_comm","k_core_in",-0.028983302101823,0.643093760252988
"page_rank","k_core_in",0.219074729548545,0.000392712595377764
"alpha_cent","k_core_in",-0.15666118095394,0.0117451682466871
"auth_score","k_core_in",0.229444153337108,0.000201414616064266
"hub_score","k_core_in",0.244929449412337,7.01515860734858e-05
"local_trans","k_core_in",-0.928222298812405,0
"in_ecc_cent","k_core_in",-0.527642234959787,0
"out_ecc_cent","k_core_in",-0.0863761337696831,0.166586471114324
"load_cent","k_core_in",0.655410117387568,0
"stress_cent","k_core_in",0.69769387799061,0
"gilschmidt","k_core_in",0.255287458818642,3.33092296460613e-05
"hyper_index","k_core_in",0.339359788347871,0.000181811060878889
"deg_cent_total","k_core_out",0.238486964024814,0.000109720038373951
"deg_cent_out","k_core_out",0.590391540786601,0
"deg_cent_in","k_core_out",0.0875264030740924,0.160990788756079
"wtd_deg_cent_total","k_core_out",0.11074881211893,0.0757794570231867
"wtd_deg_cent_out","k_core_out",0.362599125285133,1.95621874254925e-09
"wtd_deg_cent_in","k_core_out",0.054631818007428,0.382167954106822
"btw_cent","k_core_out",0.188192084327088,0.00240295828155368
"close_cent_total","k_core_out",0.208882107579317,0.000735023096622545
"close_cent_out","k_core_out",0.524891835297202,0
"close_cent_in","k_core_out",0.0842645010767936,0.17723516725296
"eigen_cent","k_core_out",0.0449791952483745,0.471938338854791
"component","k_core_out",NA,NA
"louvain_comm","k_core_out",-0.0284787313439955,0.64888816833039
"fstgrdy_comm","k_core_out",0.0218142466005589,0.727292942352228
"page_rank","k_core_out",0.0475470329445034,0.446991514246315
"alpha_cent","k_core_out",-0.0608655121093702,0.330155457901889
"auth_score","k_core_out",0.0542788823159874,0.385254916776931
"hub_score","k_core_out",0.338724020712741,2.40355690905858e-08
"local_trans","k_core_out",-0.187717780443741,0.0024657603367273
"in_ecc_cent","k_core_out",0.00100510597515155,0.987181736019083
"out_ecc_cent","k_core_out",-0.421710929376031,1.51123558111976e-12
"load_cent","k_core_out",0.18814169794513,0.00240956009579629
"stress_cent","k_core_out",0.1990802654961,0.0013071243974605
"gilschmidt","k_core_out",0.592549241142083,0
"hyper_index","k_core_out",0.0261068776950173,0.779934207195834
"k_core_in","k_core_out",0.0870249730884211,0.163412475184189
"deg_cent_total","comm_bet",0.986479983995766,0
"deg_cent_out","comm_bet",0.466521801072366,2.44249065417534e-15
"deg_cent_in","comm_bet",0.954944560400687,0
"wtd_deg_cent_total","comm_bet",0.463429953728513,3.99680288865056e-15
"wtd_deg_cent_out","comm_bet",0.490802050706021,0
"wtd_deg_cent_in","comm_bet",0.40138128768827,2.08890682529272e-11
"btw_cent","comm_bet",0.914832282127044,0
"close_cent_total","comm_bet",0.946792822653842,0
"close_cent_out","comm_bet",0.469564879125144,1.33226762955019e-15
"close_cent_in","comm_bet",0.915635152796029,0
"eigen_cent","comm_bet",0.355080660019092,4.40881775531921e-09
"component","comm_bet",NA,NA
"louvain_comm","comm_bet",-0.0658976228007733,0.291663480223679
"fstgrdy_comm","comm_bet",-0.0692989724982528,0.267415043592679
"page_rank","comm_bet",0.376519730793678,4.10593115063307e-10
"alpha_cent","comm_bet",-0.137032764603976,0.0277518694029348
"auth_score","comm_bet",0.398597677716069,2.95239388492519e-11
"hub_score","comm_bet",0.419084877589709,2.14295248213148e-12
"local_trans","comm_bet",-0.961743777307894,0
"in_ecc_cent","comm_bet",-0.37684718843686,3.95431687394421e-10
"out_ecc_cent","comm_bet",-0.17336395895265,0.00523363771090457
"load_cent","comm_bet",0.914852625968245,0
"stress_cent","comm_bet",0.96285215867375,0
"gilschmidt","comm_bet",0.466100280926606,2.66453525910038e-15
"hyper_index","comm_bet",0.47059689206257,8.59809086151131e-08
"k_core_in","comm_bet",0.832149669774911,0
"k_core_out","comm_bet",0.227834578190069,0.000223859130242587
"deg_cent_total","decay_in",-0.0104863268456694,0.866880606900089
"deg_cent_out","decay_in",0.093710478542755,0.133301387940115
"deg_cent_in","decay_in",-0.0397632510720932,0.524879047938938
"wtd_deg_cent_total","decay_in",-0.541162514320632,0
"wtd_deg_cent_out","decay_in",-0.0172967207994647,0.782165524052502
"wtd_deg_cent_in","decay_in",-0.562259788528858,0
"btw_cent","decay_in",-0.0283925884426256,0.649879546683721
"close_cent_total","decay_in",-0.127253056867621,0.0411146585378122
"close_cent_out","decay_in",0.101548452160425,0.103652415745134
"close_cent_in","decay_in",-0.189852777570169,0.00219436805778273
"eigen_cent","decay_in",-0.551725239256445,0
"component","decay_in",NA,NA
"louvain_comm","decay_in",0.107799560736229,0.0839615521062265
"fstgrdy_comm","decay_in",0.0620850371648227,0.320539607890614
"page_rank","decay_in",-0.563139840332426,0
"alpha_cent","decay_in",-0.0682022048749348,0.275078658471199
"auth_score","decay_in",-0.567661105255046,0
"hub_score","decay_in",-0.0830976020871007,0.1833317822127
"local_trans","decay_in",-0.234485792541843,0.000143972034240214
"in_ecc_cent","decay_in",-0.272254612257925,9.16881484691601e-06
"out_ecc_cent","decay_in",-0.0134747876783357,0.829458632276607
"load_cent","decay_in",-0.0284390126299666,0.649345195730038
"stress_cent","decay_in",-0.0479848920530107,0.442813361489718
"gilschmidt","decay_in",0.0931726863635036,0.135553330751836
"hyper_index","decay_in",0.269132497080368,0.00334411350218877
"k_core_in","decay_in",0.404926102090004,1.33826283388316e-11
"k_core_out","decay_in",-0.0331676034904262,0.595897286346907
"comm_bet","decay_in",0.0785345005524911,0.208656518682849
"deg_cent_total","decay_out",0.0788857819648738,0.206621703043448
"deg_cent_out","decay_out",0.18136215176432,0.00346406394562582
"deg_cent_in","decay_out",0.0331308026076795,0.596305466835754
"wtd_deg_cent_total","decay_out",0.013890401005197,0.824282589676133
"wtd_deg_cent_out","decay_out",-0.121807180944699,0.0506662746134512
"wtd_deg_cent_in","decay_out",0.0350084419798212,0.575643178192045
"btw_cent","decay_out",0.12909332416679,0.0382509489137153
"close_cent_total","decay_out",0.0857270511323927,0.169807532955951
"close_cent_out","decay_out",0.165313182811031,0.0077964318091106
"close_cent_in","decay_out",0.0390616958491168,0.532223417922624
"eigen_cent","decay_out",0.0306324795036875,0.624306404059995
"component","decay_out",NA,NA
"louvain_comm","decay_out",0.110455469792994,0.0765631463560181
"fstgrdy_comm","decay_out",0.1608428741762,0.00965784894254051
"page_rank","decay_out",0.035742472676245,0.567658038897996
"alpha_cent","decay_out",-0.0765990114527711,0.220127098536896
"auth_score","decay_out",0.0309389374020586,0.620841369586179
"hub_score","decay_out",-0.118569083865583,0.057175314493346
"local_trans","decay_out",-0.060569132314029,0.332520142615969
"in_ecc_cent","decay_out",-0.0405387172248585,0.516821381540304
"out_ecc_cent","decay_out",-0.140632331744724,0.023873440219786
"load_cent","decay_out",0.129084656668906,0.0382640310224476
"stress_cent","decay_out",0.0873586002207638,0.161798183831484
"gilschmidt","decay_out",0.182089123217423,0.00333376111310812
"hyper_index","decay_out",-0.0165983783548902,0.859018671503537
"k_core_in","decay_out",0.0446854311637498,0.474840115850523
"k_core_out","decay_out",0.255134571722756,3.36852895013173e-05
"comm_bet","decay_out",0.0619510128286413,0.321587387448889
"decay_in","decay_out",-0.037268475708543,0.551228235406428
"deg_cent_total","diffus_indeg",0.961076526708489,0
"deg_cent_out","diffus_indeg",0.228597139112265,0.000212949584098343
"deg_cent_in","diffus_indeg",0.99815226127276,0
"wtd_deg_cent_total","diffus_indeg",0.495886247299232,0
"wtd_deg_cent_out","diffus_indeg",0.325230206687906,9.06127484157082e-08
"wtd_deg_cent_in","diffus_indeg",0.463145478587539,3.99680288865056e-15
"btw_cent","diffus_indeg",0.851647999356922,0
"close_cent_total","diffus_indeg",0.956293994979375,0
"close_cent_out","diffus_indeg",0.231721673694789,0.00017322669356945
"close_cent_in","diffus_indeg",0.977806122176042,0
"eigen_cent","diffus_indeg",0.424982619642896,9.73887637201187e-13
"component","diffus_indeg",NA,NA
"louvain_comm","diffus_indeg",-0.132707980211218,0.0331148573748141
"fstgrdy_comm","diffus_indeg",-0.104671254582692,0.0934023672550657
"page_rank","diffus_indeg",0.446981293786212,4.48530101948563e-14
"alpha_cent","diffus_indeg",-0.116635588418109,0.0613814460777262
"auth_score","diffus_indeg",0.460423971488004,6.21724893790088e-15
"hub_score","diffus_indeg",0.281204497479595,4.47959064686643e-06
"local_trans","diffus_indeg",-0.912341569291111,0
"in_ecc_cent","diffus_indeg",-0.352723963418299,5.66318125727605e-09
"out_ecc_cent","diffus_indeg",-0.0497043420726373,0.426622375922586
"load_cent","diffus_indeg",0.851728234646506,0
"stress_cent","diffus_indeg",0.909296459022256,0
"gilschmidt","diffus_indeg",0.227864661164803,0.000223419047213458
"hyper_index","diffus_indeg",0.438390006502563,7.66967748200287e-07
"k_core_in","diffus_indeg",0.799838674007204,0
"k_core_out","diffus_indeg",0.0838239280054458,0.179519113443579
"comm_bet","diffus_indeg",0.956819284936414,0
"decay_in","diffus_indeg",-0.0176463927027369,0.777875525949727
"decay_out","diffus_indeg",0.0228888945009231,0.714430146954035
"deg_cent_total","diffus_outdeg",0.47156154651407,1.11022302462516e-15
"deg_cent_out","diffus_outdeg",0.998338795205571,0
"deg_cent_in","diffus_outdeg",0.223799378390612,0.000290799360683103
"wtd_deg_cent_total","diffus_outdeg",0.175096978572186,0.00479279177727587
"wtd_deg_cent_out","diffus_outdeg",0.754753443970964,0
"wtd_deg_cent_in","diffus_outdeg",0.0558298977921536,0.371801878879513
"btw_cent","diffus_outdeg",0.515811754249941,0
"close_cent_total","diffus_outdeg",0.408272476984251,8.74744721102161e-12
"close_cent_out","diffus_outdeg",0.994636727965381,0
"close_cent_in","diffus_outdeg",0.199804757106136,0.00125379924065427
"eigen_cent","diffus_outdeg",0.0198791766678595,0.750645923161425
"component","diffus_outdeg",NA,NA
"louvain_comm","diffus_outdeg",0.210859962994737,0.000652317114367751
"fstgrdy_comm","diffus_outdeg",0.111905703133425,0.0727519319270233
"page_rank","diffus_outdeg",0.0254312143086124,0.684325280775019
"alpha_cent","diffus_outdeg",-0.0418141005492488,0.503709131631807
"auth_score","diffus_outdeg",0.0564746108292834,0.366296108512119
"hub_score","diffus_outdeg",0.650008139281643,0
"local_trans","diffus_outdeg",-0.403562181021657,1.58935087313239e-11
"in_ecc_cent","diffus_outdeg",-0.106288945764313,0.0884198053285976
"out_ecc_cent","diffus_outdeg",-0.484199763735678,0
"load_cent","diffus_outdeg",0.515650373186628,0
"stress_cent","diffus_outdeg",0.5107819069677,0
"gilschmidt","diffus_outdeg",0.998314777849336,0
"hyper_index","diffus_outdeg",0.0980890721152523,0.292733631407749
"k_core_in","diffus_outdeg",0.248261343967424,5.53982599793557e-05
"k_core_out","diffus_outdeg",0.583353506231304,0
"comm_bet","diffus_outdeg",0.454722159616366,1.4210854715202e-14
"decay_in","diffus_outdeg",0.0952960039190577,0.12682957642972
"decay_out","diffus_outdeg",0.1781302824911,0.00410091150620895
"diffus_indeg","diffus_outdeg",0.215508306236504,0.000490637268249161
"deg_cent_total","entropy_in",NA,NA
"deg_cent_out","entropy_in",NA,NA
"deg_cent_in","entropy_in",NA,NA
"wtd_deg_cent_total","entropy_in",NA,NA
"wtd_deg_cent_out","entropy_in",NA,NA
"wtd_deg_cent_in","entropy_in",NA,NA
"btw_cent","entropy_in",NA,NA
"close_cent_total","entropy_in",NA,NA
"close_cent_out","entropy_in",NA,NA
"close_cent_in","entropy_in",NA,NA
"eigen_cent","entropy_in",NA,NA
"component","entropy_in",NA,NA
"louvain_comm","entropy_in",NA,NA
"fstgrdy_comm","entropy_in",NA,NA
"page_rank","entropy_in",NA,NA
"alpha_cent","entropy_in",NA,NA
"auth_score","entropy_in",NA,NA
"hub_score","entropy_in",NA,NA
"local_trans","entropy_in",NA,NA
"in_ecc_cent","entropy_in",NA,NA
"out_ecc_cent","entropy_in",NA,NA
"load_cent","entropy_in",NA,NA
"stress_cent","entropy_in",NA,NA
"gilschmidt","entropy_in",NA,NA
"hyper_index","entropy_in",6.72046186085564e-09,0.999999942622186
"k_core_in","entropy_in",NA,NA
"k_core_out","entropy_in",NA,NA
"comm_bet","entropy_in",NA,NA
"decay_in","entropy_in",NA,NA
"decay_out","entropy_in",NA,NA
"diffus_indeg","entropy_in",NA,NA
"diffus_outdeg","entropy_in",NA,NA
"deg_cent_total","entropy_out",NA,NA
"deg_cent_out","entropy_out",NA,NA
"deg_cent_in","entropy_out",NA,NA
"wtd_deg_cent_total","entropy_out",NA,NA
"wtd_deg_cent_out","entropy_out",NA,NA
"wtd_deg_cent_in","entropy_out",NA,NA
"btw_cent","entropy_out",NA,NA
"close_cent_total","entropy_out",NA,NA
"close_cent_out","entropy_out",NA,NA
"close_cent_in","entropy_out",NA,NA
"eigen_cent","entropy_out",NA,NA
"component","entropy_out",NA,NA
"louvain_comm","entropy_out",NA,NA
"fstgrdy_comm","entropy_out",NA,NA
"page_rank","entropy_out",NA,NA
"alpha_cent","entropy_out",NA,NA
"auth_score","entropy_out",NA,NA
"hub_score","entropy_out",NA,NA
"local_trans","entropy_out",NA,NA
"in_ecc_cent","entropy_out",NA,NA
"out_ecc_cent","entropy_out",NA,NA
"load_cent","entropy_out",NA,NA
"stress_cent","entropy_out",NA,NA
"gilschmidt","entropy_out",NA,NA
"hyper_index","entropy_out",6.72046186085564e-09,0.999999942622186
"k_core_in","entropy_out",NA,NA
"k_core_out","entropy_out",NA,NA
"comm_bet","entropy_out",NA,NA
"decay_in","entropy_out",NA,NA
"decay_out","entropy_out",NA,NA
"diffus_indeg","entropy_out",NA,NA
"diffus_outdeg","entropy_out",NA,NA
"entropy_in","entropy_out",-1,0
"deg_cent_total","geokpath_in",-0.113299433090066,0.0692360892377704
"deg_cent_out","geokpath_in",-0.0546234171781747,0.382241256568183
"deg_cent_in","geokpath_in",-0.109364696806674,0.0795350514877846
"wtd_deg_cent_total","geokpath_in",-0.148960582329633,0.0166468157157147
"wtd_deg_cent_out","geokpath_in",-0.0666446988738434,0.286215539353966
"wtd_deg_cent_in","geokpath_in",-0.144351978626123,0.0203658377042144
"btw_cent","geokpath_in",-0.11281439645354,0.0704435686354352
"close_cent_total","geokpath_in",-0.119689171046653,0.0548496657434909
"close_cent_out","geokpath_in",-0.0554501041737498,0.375069020612494
"close_cent_in","geokpath_in",-0.130454926233745,0.0362422532599305
"eigen_cent","geokpath_in",-0.103729552395347,0.0964044303363898
"component","geokpath_in",NA,NA
"louvain_comm","geokpath_in",-0.0573584469154079,0.35883090695409
"fstgrdy_comm","geokpath_in",-0.0620196908852333,0.321050196626712
"page_rank","geokpath_in",-0.130583164869574,0.0360577620967861
"alpha_cent","geokpath_in",0.0526484431623006,0.399711218754352
"auth_score","geokpath_in",-0.136920334824341,0.0278812379579449
"hub_score","geokpath_in",-0.0625406480434444,0.31699432604883
"local_trans","geokpath_in",0.0815594903535147,0.191601987131211
"in_ecc_cent","geokpath_in",0.0134828809464803,0.829357767769156
"out_ecc_cent","geokpath_in",0.0202020916493426,0.746732405078375
"load_cent","geokpath_in",-0.112799113389799,0.0704818925430475
"stress_cent","geokpath_in",-0.124973221653615,0.0449108041428579
"gilschmidt","geokpath_in",-0.0545520948422512,0.382863933518743
"hyper_index","geokpath_in",NA,NA
"k_core_in","geokpath_in",-0.0436893906896822,0.484751011518376
"k_core_out","geokpath_in",-0.0128009837766531,0.837865739533622
"comm_bet","geokpath_in",-0.103740095447514,0.0963704002323231
"decay_in","geokpath_in",0.342120173680093,1.70368814611521e-08
"decay_out","geokpath_in",0.0830387227036317,0.183643448727943
"diffus_indeg","geokpath_in",-0.105571415211665,0.0906028980699913
"diffus_outdeg","geokpath_in",-0.0553816036046599,0.375660162661718
"entropy_in","geokpath_in",NA,NA
"entropy_out","geokpath_in",NA,NA
"deg_cent_total","geokpath_out",0.0526318097017805,0.399860351058911
"deg_cent_out","geokpath_out",0.156506950745003,0.0118292341311337
"deg_cent_in","geokpath_out",0.0114493131535163,0.854785305458379
"wtd_deg_cent_total","geokpath_out",0.000242685979034523,0.996904865452866
"wtd_deg_cent_out","geokpath_out",0.176185623326017,0.00453323869979272
"wtd_deg_cent_in","geokpath_out",-0.0294009715569013,0.638313565383579
"btw_cent","geokpath_out",0.0810788618709122,0.194241372322263
"close_cent_total","geokpath_out",0.0435615649419141,0.486030933317638
"close_cent_out","geokpath_out",0.160863047540142,0.00964863268038929
"close_cent_in","geokpath_out",0.00488668372041668,0.9377396863767
"eigen_cent","geokpath_out",-0.037380346789059,0.550032975029254
"component","geokpath_out",NA,NA
"louvain_comm","geokpath_out",0.133036249451612,0.0326789432789558
"fstgrdy_comm","geokpath_out",-0.0922836150131517,0.139340127002982
"page_rank","geokpath_out",-0.0367044109955407,0.557274119622244
"alpha_cent","geokpath_out",-0.0691554998782019,0.268409171501938
"auth_score","geokpath_out",-0.0276923079276403,0.657961494810687
"hub_score","geokpath_out",0.138662264738104,0.0259338704542202
"local_trans","geokpath_out",-0.0413593725459758,0.508364088272919
"in_ecc_cent","geokpath_out",-0.0437455941622217,0.484188820176021
"out_ecc_cent","geokpath_out",0.0468336957246253,0.453845853272526
"load_cent","geokpath_out",0.0810350123115958,0.194483487469979
"stress_cent","geokpath_out",0.0684180249470573,0.273558967217205
"gilschmidt","geokpath_out",0.155851620551134,0.0121923777229411
"hyper_index","geokpath_out",-0.00110567909398049,0.99056017433084
"k_core_in","geokpath_out",0.0254588443420557,0.684000720445777
"k_core_out","geokpath_out",0.0217398356427921,0.728186473563854
"comm_bet","geokpath_out",0.0428252918701762,0.493438499114328
"decay_in","geokpath_out",0.0335420300504829,0.591751516808418
"decay_out","geokpath_out",0.137041681544731,0.027741631087504
"diffus_indeg","geokpath_out",0.00602244765450409,0.923309328734632
"diffus_outdeg","geokpath_out",0.153463972347621,0.0135998743280814
"entropy_in","geokpath_out",NA,NA
"entropy_out","geokpath_out",NA,NA
"geokpath_in","geokpath_out",-0.0974875299325684,0.118287805098915
"deg_cent_total","laplacian_in",0.953274193882928,0
"deg_cent_out","laplacian_in",0.216778160904074,0.000453432295191014
"deg_cent_in","laplacian_in",0.993039018055801,0
"wtd_deg_cent_total","laplacian_in",0.540465061226832,0
"wtd_deg_cent_out","laplacian_in",0.319573042170757,1.55103084598096e-07
"wtd_deg_cent_in","laplacian_in",0.510654198332575,0
"btw_cent","laplacian_in",0.852701469792968,0
"close_cent_total","laplacian_in",0.96756089287326,0
"close_cent_out","laplacian_in",0.219328205465547,0.000386495130489273
"close_cent_in","laplacian_in",0.997182878476362,0
"eigen_cent","laplacian_in",0.472720654096131,8.88178419700125e-16
"component","laplacian_in",NA,NA
"louvain_comm","laplacian_in",-0.138037715487792,0.0266181938258336
"fstgrdy_comm","laplacian_in",-0.110268424549745,0.0770662747973589
"page_rank","laplacian_in",0.494721273473073,0
"alpha_cent","laplacian_in",-0.102004227088062,0.102103294638354
"auth_score","laplacian_in",0.508570648369929,0
"hub_score","laplacian_in",0.283161050980211,3.81748144806515e-06
"local_trans","laplacian_in",-0.862197786404003,0
"in_ecc_cent","laplacian_in",-0.307245705815561,4.81836093246812e-07
"out_ecc_cent","laplacian_in",-0.0463488457405782,0.458538137353514
"load_cent","laplacian_in",0.852783685342361,0
"stress_cent","laplacian_in",0.911278028168329,0
"gilschmidt","laplacian_in",0.216105462266689,0.000472802339182454
"hyper_index","laplacian_in",0.447979914383573,4.09190073824561e-07
"k_core_in","laplacian_in",0.717463017833394,0
"k_core_out","laplacian_in",0.0834347666120922,0.18155456791318
"comm_bet","laplacian_in",0.932608988782392,0
"decay_in","laplacian_in",-0.134056118939247,0.0313556778718262
"decay_out","laplacian_in",0.0300253158614342,0.631195825970271
"diffus_indeg","laplacian_in",0.989891896492527,0
"diffus_outdeg","laplacian_in",0.203464404772823,0.0010136887045642
"entropy_in","laplacian_in",NA,NA
"entropy_out","laplacian_in",NA,NA
"geokpath_in","laplacian_in",-0.120856115909704,0.0525106907763004
"geokpath_out","laplacian_in",0.0044519697491154,0.943268553073219
"deg_cent_total","laplacian_out",0.480543470983927,2.22044604925031e-16
"deg_cent_out","laplacian_out",0.995748007163481,0
"deg_cent_in","laplacian_out",0.234546496548165,0.000143384787889556
"wtd_deg_cent_total","laplacian_out",0.176198423553779,0.00453026367975062
"wtd_deg_cent_out","laplacian_out",0.767556737801608,0
"wtd_deg_cent_in","laplacian_out",0.0548252405351173,0.380482593144093
"btw_cent","laplacian_out",0.536066720178027,0
"close_cent_total","laplacian_out",0.416062627827723,3.19122506198255e-12
"close_cent_out","laplacian_out",0.999324170698976,0
"close_cent_in","laplacian_out",0.209579448030349,0.000704817175640304
"eigen_cent","laplacian_out",0.0192899915920721,0.757802856734421
"component","laplacian_out",NA,NA
"louvain_comm","laplacian_out",0.213308377170618,0.000561861571010791
"fstgrdy_comm","laplacian_out",0.107736220766398,0.0841447813123513
"page_rank","laplacian_out",0.0246325268579548,0.693732026734554
"alpha_cent","laplacian_out",-0.0393115746726364,0.52960159172282
"auth_score","laplacian_out",0.0555366894233715,0.374322630682205
"hub_score","laplacian_out",0.657851274181913,0
"local_trans","laplacian_out",-0.41299572882706,4.76130246340745e-12
"in_ecc_cent","laplacian_out",-0.112180691218133,0.0720469716663665
"out_ecc_cent","laplacian_out",-0.46206444545845,4.88498130835069e-15
"load_cent","laplacian_out",0.535903792977858,0
"stress_cent","laplacian_out",0.528706136779707,0
"gilschmidt","laplacian_out",0.995476612753836,0
"hyper_index","laplacian_out",0.106874952001879,0.251420551303883
"k_core_in","laplacian_out",0.25652866262389,3.03996509236626e-05
"k_core_out","laplacian_out",0.521493029972219,0
"comm_bet","laplacian_out",0.464017219792969,3.5527136788005e-15
"decay_in","laplacian_out",0.102718655238146,0.0997119691961503
"decay_out","laplacian_out",0.163346803659872,0.0085717803595653
"diffus_indeg","laplacian_out",0.226343461770578,0.000246714529150704
"diffus_outdeg","laplacian_out",0.996251575654947,0
"entropy_in","laplacian_out",NA,NA
"entropy_out","laplacian_out",NA,NA
"geokpath_in","laplacian_out",-0.0562190925022754,0.368472127748262
"geokpath_out","laplacian_out",0.160425562641888,0.00985025693180086
"laplacian_in","laplacian_out",0.213774762538319,0.000546006909073915
"deg_cent_total","leverage_in",0.93608423387928,0
"deg_cent_out","leverage_in",0.269359341745218,1.14980771390716e-05
"deg_cent_in","leverage_in",0.958178478055694,0
"wtd_deg_cent_total","leverage_in",0.419760100327515,1.95932159385848e-12
"wtd_deg_cent_out","leverage_in",0.324196597167473,1.0004526718177e-07
"wtd_deg_cent_in","leverage_in",0.383815983663072,1.7578516420258e-10
"btw_cent","leverage_in",0.821834700289974,0
"close_cent_total","leverage_in",0.906761605059001,0
"close_cent_out","leverage_in",0.273505097456899,8.30811818719468e-06
"close_cent_in","leverage_in",0.900579380919706,0
"eigen_cent","leverage_in",0.345758144165538,1.17296399260169e-08
"component","leverage_in",NA,NA
"louvain_comm","leverage_in",-0.0542200267043952,0.385771169020672
"fstgrdy_comm","leverage_in",-0.0469994849784455,0.452247575639255
"page_rank","leverage_in",0.366864772087701,1.22203869246107e-09
"alpha_cent","leverage_in",-0.125114050917248,0.0446680811906544
"auth_score","leverage_in",0.379969411446374,2.75647504821563e-10
"hub_score","leverage_in",0.273794036454477,8.1204626214415e-06
"local_trans","leverage_in",-0.962633427831276,0
"in_ecc_cent","leverage_in",-0.436721398747161,1.93622895494627e-13
"out_ecc_cent","leverage_in",-0.0721244574482007,0.248348943239176
"load_cent","leverage_in",0.821889318020096,0
"stress_cent","leverage_in",0.871431037261456,0
"gilschmidt","leverage_in",0.268601189634358,1.2195039818419e-05
"hyper_index","leverage_in",0.376368801474363,2.88714373490873e-05
"k_core_in","leverage_in",0.912176216888517,0
"k_core_out","leverage_in",0.0920320324054704,0.140426247346865
"comm_bet","leverage_in",0.948487085165431,0
"decay_in","leverage_in",0.167109832012893,0.00714328311944801
"decay_out","leverage_in",0.0414676670017625,0.507253469504576
"diffus_indeg","leverage_in",0.958066259725628,0
"diffus_outdeg","leverage_in",0.258424614111303,2.64145617345779e-05
"entropy_in","leverage_in",NA,NA
"entropy_out","leverage_in",NA,NA
"geokpath_in","leverage_in",-0.0824888338559918,0.186573034073613
"geokpath_out","leverage_in",0.0242009189547472,0.698835107470055
"laplacian_in","leverage_in",0.9198582389993,0
"laplacian_out","leverage_in",0.269310602700265,1.15417209971547e-05
"deg_cent_total","leverage_out",0.466729939062354,2.22044604925031e-15
"deg_cent_out","leverage_out",0.97417714217002,0
"deg_cent_in","leverage_out",0.225687735443161,0.000257438771424479
"wtd_deg_cent_total","leverage_out",0.185352654237794,0.00280178250657159
"wtd_deg_cent_out","leverage_out",0.734002234037631,0
"wtd_deg_cent_in","leverage_out",0.0700332734724304,0.262366461655426
"btw_cent","leverage_out",0.48983940990912,0
"close_cent_total","leverage_out",0.407520123837768,9.62896429257398e-12
"close_cent_out","leverage_out",0.952332716594762,0
"close_cent_in","leverage_out",0.206291563979074,0.000858009443025942
"eigen_cent","leverage_out",0.0402201702274863,0.520123593340772
"component","leverage_out",NA,NA
"louvain_comm","leverage_out",0.139699003249914,0.0248312850956929
"fstgrdy_comm","leverage_out",0.0691403517215746,0.268514280821157
"page_rank","leverage_out",0.0450700038937673,0.471043308441661
"alpha_cent","leverage_out",-0.0531130852729573,0.395558782628697
"auth_score","leverage_out",0.0705087596032304,0.259132453300513
"hub_score","leverage_out",0.64423584874132,0
"local_trans","leverage_out",-0.399818352922267,2.53779219860917e-11
"in_ecc_cent","leverage_out",-0.0939185835193108,0.132437737484312
"out_ecc_cent","leverage_out",-0.511363938421408,0
"load_cent","leverage_out",0.489703487530101,0
"stress_cent","leverage_out",0.489454974982943,0
"gilschmidt","leverage_out",0.974838379961112,0
"hyper_index","leverage_out",0.0899332846822651,0.334901259995108
"k_core_in","leverage_out",0.240190355197467,9.7597790944981e-05
"k_core_out","leverage_out",0.745104983275687,0
"comm_bet","leverage_out",0.450795272215141,2.57571741713036e-14
"decay_in","leverage_out",0.0687563460123675,0.271188190091095
"decay_out","leverage_out",0.219577571623915,0.000380467817791219
"diffus_indeg","leverage_out",0.218448191025494,0.000408481701159591
"diffus_outdeg","leverage_out",0.967860933498584,0
"entropy_in","leverage_out",NA,NA
"entropy_out","leverage_out",NA,NA
"geokpath_in","leverage_out",-0.0484334324096587,0.438556397978578
"geokpath_out","leverage_out",0.14193560278774,0.0225893334008531
"laplacian_in","leverage_out",0.208905965881187,0.00073397020672461
"laplacian_out","leverage_out",0.9496941065647,0
"leverage_in","leverage_out",0.253487269199723,3.79997605230997e-05
"deg_cent_total","lin_cent_in",-0.0135757603348459,0.828200434250576
"deg_cent_out","lin_cent_in",0.0953194817233804,0.126735604884338
"deg_cent_in","lin_cent_in",-0.043675286399215,0.484892148894879
"wtd_deg_cent_total","lin_cent_in",-0.532515666534722,0
"wtd_deg_cent_out","lin_cent_in",-0.0175559604047701,0.778984367760785
"wtd_deg_cent_in","lin_cent_in",-0.55318569186258,0
"btw_cent","lin_cent_in",-0.0324784525802643,0.60356198185237
"close_cent_total","lin_cent_in",-0.130130532944121,0.0367125173842495
"close_cent_out","lin_cent_in",0.103135905568583,0.0983360303303533
"close_cent_in","lin_cent_in",-0.192906053665935,0.00185338413134684
"eigen_cent","lin_cent_in",-0.544475242125692,0
"component","lin_cent_in",NA,NA
"louvain_comm","lin_cent_in",0.115282616962814,0.064473635311534
"fstgrdy_comm","lin_cent_in",0.0680780234527391,0.275955670472947
"page_rank","lin_cent_in",-0.554389949873451,0
"alpha_cent","lin_cent_in",-0.0642810857480361,0.30368760236026
"auth_score","lin_cent_in",-0.559046603673027,0
"hub_score","lin_cent_in",-0.0819960530888916,0.189227407012209
"local_trans","lin_cent_in",-0.233885989221578,0.000149896771464819
"in_ecc_cent","lin_cent_in",-0.284336424452313,3.46573730158894e-06
"out_ecc_cent","lin_cent_in",-0.0129832498164438,0.835589732587008
"load_cent","lin_cent_in",-0.0325245903761564,0.603047466159163
"stress_cent","lin_cent_in",-0.0510125718912347,0.414536814951377
"gilschmidt","lin_cent_in",0.0947812637466126,0.128903437433808
"hyper_index","lin_cent_in",0.25554788169296,0.00542209585358222
"k_core_in","lin_cent_in",0.404671510207289,1.38200562105339e-11
"k_core_out","lin_cent_in",-0.0344081007348455,0.582212933188344
"comm_bet","lin_cent_in",0.0750190772212852,0.229818512956391
"decay_in","lin_cent_in",0.998764494922034,0
"decay_out","lin_cent_in",-0.0403395259643822,0.518885028503489
"diffus_indeg","lin_cent_in",-0.0217179505511393,0.728449341014385
"diffus_outdeg","lin_cent_in",0.0969495038255679,0.120342106094832
"entropy_in","lin_cent_in",NA,NA
"entropy_out","lin_cent_in",NA,NA
"geokpath_in","lin_cent_in",0.327840024430799,7.04502114423633e-08
"geokpath_out","lin_cent_in",0.035839205431909,0.566609677609291
"laplacian_in","lin_cent_in",-0.137783399772933,0.0269012599397993
"laplacian_out","lin_cent_in",0.104373499998251,0.0943434129468144
"leverage_in","lin_cent_in",0.164609874280385,0.00806626203584848
"leverage_out","lin_cent_in",0.0701263804250319,0.261731024671942
"deg_cent_total","lin_cent_out",0.0794686940938177,0.203276823808849
"deg_cent_out","lin_cent_out",0.182654516521605,0.00323550528879668
"deg_cent_in","lin_cent_out",0.0333899554526448,0.593433746803534
"wtd_deg_cent_total","lin_cent_out",0.0123793692634378,0.843135697866704
"wtd_deg_cent_out","lin_cent_out",-0.108094720982534,0.0831119458905523
"wtd_deg_cent_in","lin_cent_out",0.0311223811292482,0.618771209846644
"btw_cent","lin_cent_out",0.137701970812448,0.0269924388155913
"close_cent_total","lin_cent_out",0.0855522186399129,0.170683019956274
"close_cent_out","lin_cent_out",0.168824155506903,0.0065660525218123
"close_cent_in","lin_cent_out",0.0386739002277229,0.536305218876878
"eigen_cent","lin_cent_out",0.0324535384128444,0.603839899164532
"component","lin_cent_out",NA,NA
"louvain_comm","lin_cent_out",0.125313646078371,0.0443259588699592
"fstgrdy_comm","lin_cent_out",0.156936446386316,0.0115964384320928
"page_rank","lin_cent_out",0.0356216700890732,0.568968556801338
"alpha_cent","lin_cent_out",-0.0818867811739192,0.189819732550061
"auth_score","lin_cent_out",0.0272222888718081,0.663408440640018
"hub_score","lin_cent_out",-0.10833280300744,0.0824316939281304
"local_trans","lin_cent_out",-0.0640533978418473,0.305407126656763
"in_ecc_cent","lin_cent_out",-0.045773717070811,0.464139013056083
"out_ecc_cent","lin_cent_out",-0.132512302296612,0.033377047426252
"load_cent","lin_cent_out",0.137689704295241,0.0270061970265432
"stress_cent","lin_cent_out",0.0929319084907076,0.136570978556253
"gilschmidt","lin_cent_out",0.183379641343919,0.00311333234128019
"hyper_index","lin_cent_out",-0.0143127613427483,0.878270669779917
"k_core_in","lin_cent_out",0.0466896770188772,0.455236820473844
"k_core_out","lin_cent_out",0.234512714627386,0.000143711314538386
"comm_bet","lin_cent_out",0.0625748075986466,0.316729551821033
"decay_in","lin_cent_out",-0.0307571911411526,0.62289532145742
"decay_out","lin_cent_out",0.98848206906594,0
"diffus_indeg","lin_cent_out",0.022011874194933,0.724921610399409
"diffus_outdeg","lin_cent_out",0.177975539162393,0.00413389892378224
"entropy_in","lin_cent_out",NA,NA
"entropy_out","lin_cent_out",NA,NA
"geokpath_in","lin_cent_out",0.0848449731890227,0.174258923916612
"geokpath_out","lin_cent_out",0.186964097181903,0.00256863124978057
"laplacian_in","lin_cent_out",0.0292418197389566,0.640133297705781
"laplacian_out","lin_cent_out",0.165845196442601,0.00759769210414563
"leverage_in","lin_cent_out",0.0441090942004627,0.480561308934448
"leverage_out","lin_cent_out",0.218437914489751,0.000408745181000647
"lin_cent_in","lin_cent_out",-0.0339857438163404,0.586855699977836
"deg_cent_total","lobby_in",0.945155001840308,0
"deg_cent_out","lobby_in",0.249578499145769,5.04157056657739e-05
"deg_cent_in","lobby_in",0.974183186967367,0
"wtd_deg_cent_total","lobby_in",0.433665624189385,2.96429547574917e-13
"wtd_deg_cent_out","lobby_in",0.326787106309086,7.80019182577973e-08
"wtd_deg_cent_in","lobby_in",0.397902405047836,3.21724868967976e-11
"btw_cent","lobby_in",0.827563971797518,0
"close_cent_total","lobby_in",0.917009883849251,0
"close_cent_out","lobby_in",0.2532840814393,3.85666906006499e-05
"close_cent_in","lobby_in",0.921885437669589,0
"eigen_cent","lobby_in",0.360165848884575,2.55057264197944e-09
"component","lobby_in",NA,NA
"louvain_comm","lobby_in",-0.0938992457936079,0.132517808393421
"fstgrdy_comm","lobby_in",-0.0759740479453159,0.2239252259616
"page_rank","lobby_in",0.38157385103811,2.28650431921551e-10
"alpha_cent","lobby_in",-0.13505063573586,0.0301095921272561
"auth_score","lobby_in",0.394411140999855,4.93787233324383e-11
"hub_score","lobby_in",0.275889423256435,6.8752593902488e-06
"local_trans","lobby_in",-0.957502591167667,0
"in_ecc_cent","lobby_in",-0.415989463413605,3.22208926206713e-12
"out_ecc_cent","lobby_in",-0.0554680399594417,0.374914333912442
"load_cent","lobby_in",0.8276331573168,0
"stress_cent","lobby_in",0.881488360357307,0
"gilschmidt","lobby_in",0.248785611181,5.3361920572037e-05
"hyper_index","lobby_in",0.412930931078674,3.71404346921622e-06
"k_core_in","lobby_in",0.897054963033144,0
"k_core_out","lobby_in",0.0868297312897488,0.164362755998097
"comm_bet","lobby_in",0.960534865386774,0
"decay_in","lobby_in",0.13501999403531,0.0301473435330792
"decay_out","lobby_in",0.0290863692648505,0.641912788784344
"diffus_indeg","lobby_in",0.979669191622243,0
"diffus_outdeg","lobby_in",0.237914599151356,0.000114100745985501
"entropy_in","lobby_in",NA,NA
"entropy_out","lobby_in",NA,NA
"geokpath_in","lobby_in",-0.0869470032865936,0.163791474754932
"geokpath_out","lobby_in",0.0110421676181226,0.85989516670541
"laplacian_in","lobby_in",0.943516186904491,0
"laplacian_out","lobby_in",0.248740317874203,5.35350253874078e-05
"leverage_in","lobby_in",0.987615503423209,0
"leverage_out","lobby_in",0.235841131753627,0.000131382031107297
"lin_cent_in","lobby_in",0.131240670493833,0.0351242943334982
"lin_cent_out","lobby_in",0.0293270490604287,0.639158522265303
"deg_cent_total","lobby_out",0.424239522202114,1.07647224467655e-12
"deg_cent_out","lobby_out",0.944368162642553,0
"deg_cent_in","lobby_out",0.187471124104819,0.00249900659248681
"wtd_deg_cent_total","lobby_out",0.164484349033939,0.0081152854933344
"wtd_deg_cent_out","lobby_out",0.678846927578302,0
"wtd_deg_cent_in","lobby_out",0.0575225352096044,0.357455496385853
"btw_cent","lobby_out",0.428594205516193,5.96189764223709e-13
"close_cent_total","lobby_out",0.369179239485102,9.43970013267403e-10
"close_cent_out","lobby_out",0.91314423919785,0
"close_cent_in","lobby_out",0.169463318446826,0.00636175023775998
"eigen_cent","lobby_out",0.0271286623733043,0.664495584483758
"component","lobby_out",NA,NA
"louvain_comm","lobby_out",0.147577707541219,0.0176949388219314
"fstgrdy_comm","lobby_out",0.0834530109439777,0.181458764700489
"page_rank","lobby_out",0.0317658377183227,0.611533638373412
"alpha_cent","lobby_out",-0.046199405737452,0.459989821576977
"auth_score","lobby_out",0.0581717325757474,0.35204624864048
"hub_score","lobby_out",0.59863927749041,0
"local_trans","lobby_out",-0.355036038439507,4.42985248483296e-09
"in_ecc_cent","lobby_out",-0.0695622129039725,0.265597590912017
"out_ecc_cent","lobby_out",-0.524008792535889,0
"load_cent","lobby_out",0.428458576262774,6.07514039074886e-13
"stress_cent","lobby_out",0.430827466898438,4.38760139331862e-13
"gilschmidt","lobby_out",0.945221797786796,0
"hyper_index","lobby_out",0.0706594523381152,0.449026042681481
"k_core_in","lobby_out",0.207198388925451,0.000812948750441134
"k_core_out","lobby_out",0.803724450094414,0
"comm_bet","lobby_out",0.406759844811808,1.06075148664786e-11
"decay_in","lobby_out",0.0579483400693849,0.353901758803669
"decay_out","lobby_out",0.222435606377273,0.000317349972585035
"diffus_indeg","lobby_out",0.180099698068589,0.00370133827378849
"diffus_outdeg","lobby_out",0.944319222864781,0
"entropy_in","lobby_out",NA,NA
"entropy_out","lobby_out",NA,NA
"geokpath_in","lobby_out",-0.0370560218634014,0.553501637899685
"geokpath_out","lobby_out",0.118756754270414,0.0567800613046643
"laplacian_in","lobby_out",0.171476044129279,0.00575503502728902
"laplacian_out","lobby_out",0.914709914423144,0
"leverage_in","lobby_out",0.215081431179311,0.000503766596077426
"leverage_out","lobby_out",0.983708365286289,0
"lin_cent_in","lobby_out",0.0587702649172448,0.347105055997972
"lin_cent_out","lobby_out",0.213999804988871,0.000538505767192721
"lobby_in","lobby_out",0.197683432305256,0.00141585170781244
"deg_cent_total","markov_cent",0.959057096549391,0
"deg_cent_out","markov_cent",0.22246786782767,0.00031669665745282
"deg_cent_in","markov_cent",0.997750253302361,0
"wtd_deg_cent_total","markov_cent",0.506155604324218,0
"wtd_deg_cent_out","markov_cent",0.327723128902977,7.12525194401792e-08
"wtd_deg_cent_in","markov_cent",0.4734508406579,8.88178419700125e-16
"btw_cent","markov_cent",0.852255841118699,0
"close_cent_total","markov_cent",0.957419112140721,0
"close_cent_out","markov_cent",0.225624061282914,0.00025850297270491
"close_cent_in","markov_cent",0.982182171370516,0
"eigen_cent","markov_cent",0.436179557331579,2.08721928629529e-13
"component","markov_cent",NA,NA
"louvain_comm","markov_cent",-0.13993147913497,0.0245896596558999
"fstgrdy_comm","markov_cent",-0.114293226534555,0.0668148530054085
"page_rank","markov_cent",0.457616976823428,9.32587340685131e-15
"alpha_cent","markov_cent",-0.112942858988607,0.0701221065010753
"auth_score","markov_cent",0.471029840827974,1.33226762955019e-15
"hub_score","markov_cent",0.285416762289724,3.16986399973018e-06
"local_trans","markov_cent",-0.904222341582301,0
"in_ecc_cent","markov_cent",-0.348226068415767,9.08092445683906e-09
"out_ecc_cent","markov_cent",-0.0481130246756708,0.441594902287388
"load_cent","markov_cent",0.852336777287673,0
"stress_cent","markov_cent",0.910031122555232,0
"gilschmidt","markov_cent",0.221753035263311,0.000331469913228188
"hyper_index","markov_cent",0.439374551320185,7.1969395332161e-07
"k_core_in","markov_cent",0.786605787669642,0
"k_core_out","markov_cent",0.080847603137676,0.19552074753325
"comm_bet","markov_cent",0.95234473341437,0
"decay_in","markov_cent",-0.038616522729595,0.536910481694524
"decay_out","markov_cent",0.0222501130617504,0.72206646889112
"diffus_indeg","markov_cent",0.999124600462292,0
"diffus_outdeg","markov_cent",0.208969140708076,0.000731188963143836
"entropy_in","markov_cent",NA,NA
"entropy_out","markov_cent",NA,NA
"geokpath_in","markov_cent",-0.108152092289878,0.082947611541885
"geokpath_out","markov_cent",0.00471530476934029,0.93991901114231
"laplacian_in","markov_cent",0.992561194199989,0
"laplacian_out","markov_cent",0.219978212945311,0.000370966692521346
"leverage_in","markov_cent",0.951211885451051,0
"leverage_out","markov_cent",0.213047354442223,0.000570919956400573
"lin_cent_in","markov_cent",-0.042612054503303,0.495595026182008
"lin_cent_out","markov_cent",0.0215138486689964,0.730902386189947
"lobby_in","markov_cent",0.974020138012887,0
"lobby_out","markov_cent",0.174046861123136,0.0050557485303937
"deg_cent_total","radiality_in",-0.0727553867012779,0.244223934791258
"deg_cent_out","radiality_in",0.0725449583548205,0.245594363514974
"deg_cent_in","radiality_in",-0.102527409414609,0.100347709095008
"wtd_deg_cent_total","radiality_in",-0.576273627008453,0
"wtd_deg_cent_out","radiality_in",-0.0383048513825764,0.540204188292773
"wtd_deg_cent_in","radiality_in",-0.595392644764943,0
"btw_cent","radiality_in",-0.0804545300038198,0.197709387656906
"close_cent_total","radiality_in",-0.177542063740427,0.00422758326565886
"close_cent_out","radiality_in",0.0795361541145442,0.202892268478015
"close_cent_in","radiality_in",-0.235544168182642,0.000134048978653656
"eigen_cent","radiality_in",-0.576268570200977,0
"component","radiality_in",NA,NA
"louvain_comm","radiality_in",0.0980692132695976,0.116097681555239
"fstgrdy_comm","radiality_in",0.0486804817805846,0.436221747734696
"page_rank","radiality_in",-0.59354101244364,0
"alpha_cent","radiality_in",-0.0380743603326543,0.542646437365731
"auth_score","radiality_in",-0.599249397144151,0
"hub_score","radiality_in",-0.0987430074813802,0.113600491612224
"local_trans","radiality_in",-0.15270173853636,0.014078306918323
"in_ecc_cent","radiality_in",-0.240118113089617,9.80852885874572e-05
"out_ecc_cent","radiality_in",-0.0038676600511489,0.950704273302456
"load_cent","radiality_in",-0.0804980566333032,0.197466156648846
"stress_cent","radiality_in",-0.102411839661606,0.100733440765622
"gilschmidt","radiality_in",0.0720999738171866,0.248509987728111
"hyper_index","radiality_in",0.227929266891913,0.0134515118758829
"k_core_in","radiality_in",0.307600374795233,4.66708656388093e-07
"k_core_out","radiality_in",-0.0367607526141505,0.556668786039217
"comm_bet","radiality_in",0.00630693495377991,0.919698538078719
"decay_in","radiality_in",0.979628472391416,0
"decay_out","radiality_in",-0.0297380846092711,0.63446619067664
"diffus_indeg","radiality_in",-0.0824473158039941,0.186795611223292
"diffus_outdeg","radiality_in",0.0737288143415023,0.237953916442083
"entropy_in","radiality_in",NA,NA
"entropy_out","radiality_in",NA,NA
"geokpath_in","radiality_in",0.47342701564227,8.88178419700125e-16
"geokpath_out","radiality_in",0.00736738951892817,0.90625404321926
"laplacian_in","radiality_in",-0.185826976814919,0.00273123517458096
"laplacian_out","radiality_in",0.0803801304030309,0.198125644295821
"leverage_in","radiality_in",0.0848555423408465,0.174205078993356
"leverage_out","radiality_in",0.0512773920871888,0.412115106296727
"lin_cent_in","radiality_in",0.978778644669291,0
"lin_cent_out","radiality_in",-0.0235733548628192,0.706279205278955
"lobby_in","radiality_in",0.0539485796495435,0.388157599787585
"lobby_out","radiality_in",0.0420263950127123,0.501543601454678
"markov_cent","radiality_in",-0.100997781230101,0.105548781945876
"deg_cent_total","radiality_out",0.0770184973552143,0.217603640343073
"deg_cent_out","radiality_out",0.182960888374124,0.0031833658781979
"deg_cent_in","radiality_out",0.0305783860486426,0.624918885283766
"wtd_deg_cent_total","radiality_out",0.0134678675575495,0.829544878339294
"wtd_deg_cent_out","radiality_out",-0.10772944075109,0.0841644135184749
"wtd_deg_cent_in","radiality_out",0.0321976887861729,0.606697200124354
"btw_cent","radiality_out",0.134620320134075,0.0306434679111944
"close_cent_total","radiality_out",0.0829190881482137,0.184277912301278
"close_cent_out","radiality_out",0.1686051010853,0.00663740908223875
"close_cent_in","radiality_out",0.0362211534224909,0.562479279663249
"eigen_cent","radiality_out",0.0336311786565264,0.590766379557339
"component","radiality_out",NA,NA
"louvain_comm","radiality_out",0.123386639505316,0.0477225407699935
"fstgrdy_comm","radiality_out",0.153256539051831,0.0137286390522779
"page_rank","radiality_out",0.0366511896215511,0.557846221852584
"alpha_cent","radiality_out",-0.0846486132821851,0.175261534827936
"auth_score","radiality_out",0.028398551442085,0.649810901432417
"hub_score","radiality_out",-0.107792200872298,0.0839828261426052
"local_trans","radiality_out",-0.0622945574451756,0.318906063282318
"in_ecc_cent","radiality_out",-0.0451102369054799,0.470647060670265
"out_ecc_cent","radiality_out",-0.133326078693746,0.0322981443067338
"load_cent","radiality_out",0.134608005341768,0.0306588645863755
"stress_cent","radiality_out",0.0902784087256798,0.148177504487832
"gilschmidt","radiality_out",0.183733180992107,0.00305529571696628
"hyper_index","radiality_out",-0.013678722134523,0.883624360308676
"k_core_in","radiality_out",0.0447275800985696,0.474423174772138
"k_core_out","radiality_out",0.241609038439767,8.84731432440056e-05
"comm_bet","radiality_out",0.0605120032453014,0.332977197465095
"decay_in","radiality_out",-0.032598466687116,0.602224027213809
"decay_out","radiality_out",0.987645019767954,0
"diffus_indeg","radiality_out",0.0190976159887439,0.760144186903026
"diffus_outdeg","radiality_out",0.178364021704452,0.00405153427897353
"entropy_in","radiality_out",NA,NA
"entropy_out","radiality_out",NA,NA
"geokpath_in","radiality_out",0.0855063405444836,0.170913313816354
"geokpath_out","radiality_out",0.188865162455787,0.00231633366251716
"laplacian_in","radiality_out",0.0265481863990771,0.671251373914025
"laplacian_out","radiality_out",0.165563538399693,0.00770233900750172
"leverage_in","radiality_out",0.0413923664010585,0.508025584048847
"leverage_out","radiality_out",0.220586871780983,0.000356953618564138
"lin_cent_in","radiality_out",-0.0358404953404288,0.56659570419701
"lin_cent_out","radiality_out",0.999554262889661,0
"lobby_in","radiality_out",0.0263228159457042,0.673881488548313
"lobby_out","radiality_out",0.216950564881377,0.000448587915823806
"markov_cent","radiality_out",0.0187004506581698,0.764984829706073
"radiality_in","radiality_out",-0.0252338983713712,0.686644764041763
"deg_cent_total","mnc_in",0.964848054226939,0
"deg_cent_out","mnc_in",0.23644098770294,0.0001261457929711
"deg_cent_in","mnc_in",0.999984460183313,0
"wtd_deg_cent_total","mnc_in",0.507533710982625,0
"wtd_deg_cent_out","mnc_in",0.325098628072674,9.17641496123167e-08
"wtd_deg_cent_in","mnc_in",0.475331825690617,4.44089209850063e-16
"btw_cent","mnc_in",0.859303493465209,0
"close_cent_total","mnc_in",0.964907862760687,0
"close_cent_out","mnc_in",0.239779886641958,0.000100398228353393
"close_cent_in","mnc_in",0.983911505430225,0
"eigen_cent","mnc_in",0.436540270312431,1.98507876802978e-13
"component","mnc_in",NA,NA
"louvain_comm","mnc_in",-0.116230290266496,0.0622946685006864
"fstgrdy_comm","mnc_in",-0.0911482022216807,0.144293231824434
"page_rank","mnc_in",0.458743679225118,7.99360577730113e-15
"alpha_cent","mnc_in",-0.113997321851772,0.0675284261245732
"auth_score","mnc_in",0.472553416385539,8.88178419700125e-16
"hub_score","mnc_in",0.282572370034743,4.0061903088251e-06
"local_trans","mnc_in",-0.907028238299477,0
"in_ecc_cent","mnc_in",-0.346084705044416,1.1340485883693e-08
"out_ecc_cent","mnc_in",-0.052792794345134,0.398418391865364
"load_cent","mnc_in",0.859379072289797,0
"stress_cent","mnc_in",0.915596120816805,0
"gilschmidt","mnc_in",0.235710108474724,0.000132552528566698
"hyper_index","mnc_in",0.433515820663741,1.04782583010277e-06
"k_core_in","mnc_in",0.788354962602745,0
"k_core_out","mnc_in",0.0865546846007046,0.165708475638474
"comm_bet","mnc_in",0.955039986932088,0
"decay_in","mnc_in",-0.0387083312999341,0.535942176900884
"decay_out","mnc_in",0.0326366421576845,0.601798713888682
"diffus_indeg","mnc_in",0.998188493939204,0
"diffus_outdeg","mnc_in",0.223765464802435,0.000291433735088553
"entropy_in","mnc_in",NA,NA
"entropy_out","mnc_in",NA,NA
"geokpath_in","mnc_in",-0.109236066126863,0.0798915806763008
"geokpath_out","mnc_in",0.0113750529395586,0.855716860045664
"laplacian_in","mnc_in",0.992871828464215,0
"laplacian_out","mnc_in",0.234589330405471,0.000142971766377009
"leverage_in","mnc_in",0.958368185676036,0
"leverage_out","mnc_in",0.225415370137954,0.000262019690706383
"lin_cent_in","mnc_in",-0.0426289774865634,0.495423696937415
"lin_cent_out","mnc_in",0.0329601952631433,0.59819942627699
"lobby_in","mnc_in",0.974519263743919,0
"lobby_out","mnc_in",0.187103665863047,0.00254929194097131
"markov_cent","mnc_in",0.997745147009932,0
"radiality_in","mnc_in",-0.101605378468019,0.103457921607944
"radiality_out","mnc_in",0.0301325603047578,0.629976593091478
"deg_cent_total","mnc_out",0.483667318613077,0
"deg_cent_out","mnc_out",0.999993882225979,0
"deg_cent_in","mnc_out",0.236739598650519,0.000123612685673624
"wtd_deg_cent_total","mnc_out",0.182033617354544,0.00334355126529307
"wtd_deg_cent_out","mnc_out",0.767689608034093,0
"wtd_deg_cent_in","mnc_out",0.0608969474643022,0.329905285344138
"btw_cent","mnc_out",0.529404220873279,0
"close_cent_total","mnc_out",0.420401460014214,1.79944947831245e-12
"close_cent_out","mnc_out",0.996129222804642,0
"close_cent_in","mnc_out",0.213198971215086,0.00056564201255993
"eigen_cent","mnc_out",0.0266495475587263,0.670069771904724
"component","mnc_out",NA,NA
"louvain_comm","mnc_out",0.192764371071918,0.001868069028512
"fstgrdy_comm","mnc_out",0.0954468865249371,0.126226597552259
"page_rank","mnc_out",0.0319173157798297,0.609835254200682
"alpha_cent","mnc_out",-0.040778663423745,0.51434113298337
"auth_score","mnc_out",0.061561923958867,0.324641798692978
"hub_score","mnc_out",0.662819177230237,0
"local_trans","mnc_out",-0.415084774902623,3.62709862145039e-12
"in_ecc_cent","mnc_out",-0.109421465872763,0.0793781126399367
"out_ecc_cent","mnc_out",-0.482370139986787,2.22044604925031e-16
"load_cent","mnc_out",0.529248065798581,0
"stress_cent","mnc_out",0.524228098840971,0
"gilschmidt","mnc_out",0.999965661276368,0
"hyper_index","mnc_out",0.103746609400345,0.265644252346664
"k_core_in","mnc_out",0.256134636740467,3.12962341135758e-05
"k_core_out","mnc_out",0.588329456361565,0
"comm_bet","mnc_out",0.466697408329489,2.22044604925031e-15
"decay_in","mnc_out",0.0939616607941942,0.13225950314582
"decay_out","mnc_out",0.180716285386984,0.00358367640143276
"diffus_indeg","mnc_out",0.228852789127168,0.000209404648639833
"diffus_outdeg","mnc_out",0.998361932134248,0
"entropy_in","mnc_out",NA,NA
"entropy_out","mnc_out",NA,NA
"geokpath_in","mnc_out",-0.0546764323556398,0.381778809784886
"geokpath_out","mnc_out",0.15659668464172,0.011780258794484
"laplacian_in","mnc_out",0.21701620494588,0.00044675615088452
"laplacian_out","mnc_out",0.995957140957254,0
"leverage_in","mnc_out",0.269660405273038,1.12319387604032e-05
"leverage_out","mnc_out",0.97355617871344,0
"lin_cent_in","mnc_out",0.0955747940480423,0.12571717530808
"lin_cent_out","mnc_out",0.182021472113941,0.00334569691662256
"lobby_in","mnc_out",0.24984395397802,4.94640646042654e-05
"lobby_out","mnc_out",0.943619305646248,0
"markov_cent","mnc_out",0.222721371397898,0.00031160643680872
"radiality_in","mnc_out",0.072760708163046,0.244189347756673
"radiality_out","mnc_out",0.182290208871596,0.00329851046642804
"mnc_in","mnc_out",0.236698506780534,0.000123958415672698
"deg_cent_total","dmnc_in",0.871167081497304,0
"deg_cent_out","dmnc_in",0.26201975448135,2.01757268767366e-05
"deg_cent_in","dmnc_in",0.888325682645296,0
"wtd_deg_cent_total","dmnc_in",0.324196343597183,1.00047693241123e-07
"wtd_deg_cent_out","dmnc_in",0.31254076061444,2.97970765172906e-07
"wtd_deg_cent_in","dmnc_in",0.285974398573141,3.0267278741114e-06
"btw_cent","dmnc_in",0.751444790276305,0
"close_cent_total","dmnc_in",0.817696545213226,0
"close_cent_out","dmnc_in",0.266840959187992,1.39709448903069e-05
"close_cent_in","dmnc_in",0.801625754327243,0
"eigen_cent","dmnc_in",0.250636482713621,4.67226062468296e-05
"component","dmnc_in",NA,NA
"louvain_comm","dmnc_in",-0.0398657207571708,0.523810657576522
"fstgrdy_comm","dmnc_in",-0.0334671973251418,0.592579034901345
"page_rank","dmnc_in",0.270236229582285,1.07391136805468e-05
"alpha_cent","dmnc_in",-0.145461926031499,0.0194097957644153
"auth_score","dmnc_in",0.281538731331329,4.35922843378123e-06
"hub_score","dmnc_in",0.255344879041599,3.31690186579081e-05
"local_trans","dmnc_in",-0.963183396343089,0
"in_ecc_cent","dmnc_in",-0.484460505627668,0
"out_ecc_cent","dmnc_in",-0.0660815518364297,0.290315819251568
"load_cent","dmnc_in",0.751491667238965,0
"stress_cent","dmnc_in",0.796974702621936,0
"gilschmidt","dmnc_in",0.261215147511652,2.1437068826291e-05
"hyper_index","dmnc_in",0.374289105322533,3.22118237554569e-05
"k_core_in","dmnc_in",0.969472834431812,0
"k_core_out","dmnc_in",0.076846770703235,0.218634167425836
"comm_bet","dmnc_in",0.907085154631592,0
"decay_in","dmnc_in",0.331457957960779,4.95048213533522e-08
"decay_out","dmnc_in",0.0208601114239733,0.738777797644623
"diffus_indeg","dmnc_in",0.896389375250007,0
"diffus_outdeg","dmnc_in",0.251882088382485,4.27015418531518e-05
"entropy_in","dmnc_in",NA,NA
"entropy_out","dmnc_in",NA,NA
"geokpath_in","dmnc_in",-0.0534550291626422,0.392519499216439
"geokpath_out","dmnc_in",0.0315308613317761,0.614172323888027
"laplacian_in","dmnc_in",0.831863525201487,0
"laplacian_out","dmnc_in",0.263105489514065,1.8584698192825e-05
"leverage_in","dmnc_in",0.970077691435065,0
"leverage_out","dmnc_in",0.243941756999503,7.519014315438e-05
"lin_cent_in","dmnc_in",0.32991996817055,5.75480709752441e-08
"lin_cent_out","dmnc_in",0.0235033144587252,0.707111768188009
"lobby_in","dmnc_in",0.962393084394977,0
"lobby_out","dmnc_in",0.20390481894639,0.000987840573581922
"markov_cent","dmnc_in",0.885474356559875,0
"radiality_in","dmnc_in",0.241153659435068,9.13108836009258e-05
"radiality_out","dmnc_in",0.0206774225179299,0.740983525932056
"mnc_in","dmnc_in",0.889066073641133,0
"mnc_out","dmnc_in",0.262328057153334,1.97112983630898e-05
"deg_cent_total","dmnc_out",0.400202939269533,2.41933140188166e-11
"deg_cent_out","dmnc_out",0.865058098346995,0
"deg_cent_in","dmnc_out",0.184593523270229,0.00291813877704294
"wtd_deg_cent_total","dmnc_out",0.159739404959285,0.0101740084769741
"wtd_deg_cent_out","dmnc_out",0.616509205290665,0
"wtd_deg_cent_in","dmnc_out",0.0630593649247828,0.312989237494553
"btw_cent","dmnc_out",0.371145412575758,7.56839924065389e-10
"close_cent_total","dmnc_out",0.352478045796825,5.81240433561447e-09
"close_cent_out","dmnc_out",0.821493373171926,0
"close_cent_in","dmnc_out",0.168935816399294,0.00652994375816074
"eigen_cent","dmnc_out",0.0336024847307415,0.591083380103501
"component","dmnc_out",NA,NA
"louvain_comm","dmnc_out",0.0961491426384473,0.123449301780707
"fstgrdy_comm","dmnc_out",0.0578718408625252,0.354538574918997
"page_rank","dmnc_out",0.0398080346919273,0.524411979404282
"alpha_cent","dmnc_out",-0.0534814378710773,0.392285358931067
"auth_score","dmnc_out",0.0629062756814238,0.314167801286909
"hub_score","dmnc_out",0.555186820275485,0
"local_trans","dmnc_out",-0.340316677356961,2.04637484735315e-08
"in_ecc_cent","dmnc_out",-0.0754407038874476,0.22720319982055
"out_ecc_cent","dmnc_out",-0.53685291550351,0
"load_cent","dmnc_out",0.371032588892243,7.66527064044453e-10
"stress_cent","dmnc_out",0.384358061335591,1.64909197408747e-10
"gilschmidt","dmnc_out",0.866249890609522,0
"hyper_index","dmnc_out",0.0803149209665202,0.389346517783333
"k_core_in","dmnc_out",0.208782747226419,0.00073942298077867
"k_core_out","dmnc_out",0.804907216408557,0
"comm_bet","dmnc_out",0.383797135573047,1.76175740662643e-10
"decay_in","dmnc_out",0.0623103612589124,0.318783067492718
"decay_out","dmnc_out",0.226761713475793,0.0002400932977209
"diffus_indeg","dmnc_out",0.179591894338302,0.00380085086411031
"diffus_outdeg","dmnc_out",0.862301502780042,0
"entropy_in","dmnc_out",NA,NA
"entropy_out","dmnc_out",NA,NA
"geokpath_in","dmnc_out",-0.034337332558305,0.58298966338656
"geokpath_out","dmnc_out",0.099650311660678,0.110304554983626
"laplacian_in","dmnc_out",0.17075583547289,0.00596590165755417
"laplacian_out","dmnc_out",0.823200668435336,0
"leverage_in","dmnc_out",0.209833145965988,0.000694115521204575
"leverage_out","dmnc_out",0.932039732755538,0
"lin_cent_in","dmnc_out",0.0649680830476406,0.298538148086392
"lin_cent_out","dmnc_out",0.215889005661215,0.000479196483620381
"lobby_in","dmnc_out",0.196554690091381,0.00150969977475501
"lobby_out","dmnc_out",0.953178498320191,0
"markov_cent","dmnc_out",0.173941821821004,0.00508275168065131
"radiality_in","dmnc_out",0.0500678133067263,0.42324426582914
"radiality_out","dmnc_out",0.218111419215284,0.000417198797908469
"mnc_in","dmnc_out",0.184293422725114,0.00296533353434336
"mnc_out","dmnc_out",0.864119050333811,0
"dmnc_in","dmnc_out",0.20663049560535,0.000840904899162886
"deg_cent_total","epc",NA,NA
"deg_cent_out","epc",NA,NA
"deg_cent_in","epc",NA,NA
"wtd_deg_cent_total","epc",NA,NA
"wtd_deg_cent_out","epc",NA,NA
"wtd_deg_cent_in","epc",NA,NA
"btw_cent","epc",NA,NA
"close_cent_total","epc",NA,NA
"close_cent_out","epc",NA,NA
"close_cent_in","epc",NA,NA
"eigen_cent","epc",-Inf,NA
"component","epc",NA,NA
"louvain_comm","epc",NA,NA
"fstgrdy_comm","epc",NA,NA
"page_rank","epc",-Inf,NA
"alpha_cent","epc",-Inf,NA
"auth_score","epc",-Inf,NA
"hub_score","epc",NA,NA
"local_trans","epc",NA,NA
"in_ecc_cent","epc",NA,NA
"out_ecc_cent","epc",NA,NA
"load_cent","epc",-Inf,NA
"stress_cent","epc",-Inf,NA
"gilschmidt","epc",NA,NA
"hyper_index","epc",-Inf,NA
"k_core_in","epc",NA,NA
"k_core_out","epc",NA,NA
"comm_bet","epc",NA,NA
"decay_in","epc",NA,NA
"decay_out","epc",NA,NA
"diffus_indeg","epc",NA,NA
"diffus_outdeg","epc",NA,NA
"entropy_in","epc",NA,NA
"entropy_out","epc",NA,NA
"geokpath_in","epc",NA,NA
"geokpath_out","epc",NA,NA
"laplacian_in","epc",NA,NA
"laplacian_out","epc",NA,NA
"leverage_in","epc",-Inf,NA
"leverage_out","epc",NA,NA
"lin_cent_in","epc",-Inf,NA
"lin_cent_out","epc",NA,NA
"lobby_in","epc",NA,NA
"lobby_out","epc",NA,NA
"markov_cent","epc",NA,NA
"radiality_in","epc",-Inf,NA
"radiality_out","epc",NA,NA
"mnc_in","epc",NA,NA
"mnc_out","epc",NA,NA
"dmnc_in","epc",NA,NA
"dmnc_out","epc",NA,NA
"deg_cent_total","topocoefficient",0.951315808094562,0
"deg_cent_out","topocoefficient",0.288680852783987,2.41527019140264e-06
"deg_cent_in","topocoefficient",0.969286273703509,0
"wtd_deg_cent_total","topocoefficient",0.488540617282848,0
"wtd_deg_cent_out","topocoefficient",0.351927513770698,6.1603797618659e-09
"wtd_deg_cent_in","topocoefficient",0.45098044343773,2.48689957516035e-14
"btw_cent","topocoefficient",0.851130179038138,0
"close_cent_total","topocoefficient",0.95076060249751,0
"close_cent_out","topocoefficient",0.296866611729586,1.20312099549658e-06
"close_cent_in","topocoefficient",0.94350732273927,0
"eigen_cent","topocoefficient",0.413483949386445,4.46886971872118e-12
"component","topocoefficient",NA,NA
"louvain_comm","topocoefficient",-0.0376949130080226,0.546678883642221
"fstgrdy_comm","topocoefficient",-0.061533624106331,0.324864687173174
"page_rank","topocoefficient",0.434824779381242,2.52242671194836e-13
"alpha_cent","topocoefficient",-0.104436996714492,0.0941421019756561
"auth_score","topocoefficient",0.447866823149269,3.93018950717305e-14
"hub_score","topocoefficient",0.297647795974788,1.12443125033224e-06
"local_trans","topocoefficient",-0.915814531336112,0
"in_ecc_cent","topocoefficient",-0.365764752790213,1.38059119692002e-09
"out_ecc_cent","topocoefficient",-0.058396340848625,0.350186825659558
"load_cent","topocoefficient",0.851191036353953,0
"stress_cent","topocoefficient",0.897509228897593,0
"gilschmidt","topocoefficient",0.287811681890326,2.59747584663295e-06
"hyper_index","topocoefficient",0.36573579933034,5.01402809902629e-05
"k_core_in","topocoefficient",0.808020167879788,0
"k_core_out","topocoefficient",0.0527785391942935,0.398545951212658
"comm_bet","topocoefficient",0.934440553751602,0
"decay_in","topocoefficient",0.0221025897469518,0.723833991294888
"decay_out","topocoefficient",0.0646418231879033,0.300976389525541
"diffus_indeg","topocoefficient",0.963062515883715,0
"diffus_outdeg","topocoefficient",0.275758841796429,6.94722855509866e-06
"entropy_in","topocoefficient",NA,NA
"entropy_out","topocoefficient",NA,NA
"geokpath_in","topocoefficient",-0.100801439177021,0.10623151249808
"geokpath_out","topocoefficient",0.0450116750055903,0.471618104084982
"laplacian_in","topocoefficient",0.95167952813831,0
"laplacian_out","topocoefficient",0.291873226118491,1.84523000479331e-06
"leverage_in","topocoefficient",0.962089499224592,0
"leverage_out","topocoefficient",0.262782016670423,1.90458376163605e-05
"lin_cent_in","topocoefficient",0.0196641566777484,0.753255373748086
"lin_cent_out","topocoefficient",0.0734735355010209,0.239587173406097
"lobby_in","topocoefficient",0.955827193292972,0
"lobby_out","topocoefficient",0.212943813779016,0.000574550476492686
"markov_cent","topocoefficient",0.96106579729039,0
"radiality_in","topocoefficient",-0.0426999640439157,0.494705367703561
"radiality_out","topocoefficient",0.0700800783656241,0.262046895005061
"mnc_in","topocoefficient",0.969379669333849,0
"mnc_out","topocoefficient",0.289154584059935,2.32116487053347e-06
"dmnc_in","topocoefficient",0.901229778872301,0
"dmnc_out","topocoefficient",0.201909709455725,0.00110999153018998
"epc","topocoefficient",-Inf,NA
